sd_product_code,slug,image_status,list_view_result,detail_view_result,placeholder_branch_ok,notes
HYEL15009AT,hyel15009at,placeholder,ok:画像準備中表示,ok:画像準備中表示,yes,displayUrl は保持するが、通常画像としては使わない
OOEL15011AT,ooel15011at,placeholder,ok:画像準備中表示,ok:画像準備中表示,yes,displayUrl は保持するが、通常画像としては使わない
HYRB16075LG,hyrb16075lg,ready,ok:displayUrl表示,ok:galleryUrls表示,not_applicable,gallery=1
HYKT16087AT,hykt16087at,placeholder,ok:画像準備中表示,ok:画像準備中表示,yes,displayUrl は保持するが、通常画像としては使わない
HYBL16161AT,hybl16161at,ready,ok:displayUrl表示,ok:galleryUrls表示,not_applicable,gallery=2
HYMC15183AT,hymc15183at,ready,ok:displayUrl表示,ok:galleryUrls表示,not_applicable,gallery=1
MIYY18214AT,miyy18214at,ready,ok:displayUrl表示,ok:galleryUrls表示,not_applicable,gallery=1
HYIV18231AT,hyiv18231at,ready,ok:displayUrl表示,ok:galleryUrls表示,not_applicable,gallery=2
MDHZMD249AT,mdhzmd249at,ready,ok:displayUrl表示,ok:galleryUrls表示,not_applicable,gallery=3
HYHS19287AT,hyhs19287at,ready,ok:displayUrl表示,ok:galleryUrls表示,not_applicable,gallery=1
HYIV19345AT,hyiv19345at,ready,ok:displayUrl表示,ok:galleryUrls表示,not_applicable,gallery=2
HYEL15488AT,hyel15488at,ready,ok:displayUrl表示,ok:galleryUrls表示,not_applicable,gallery=2
HYNB20588AT,hynb20588at,ready,ok:displayUrl表示,ok:galleryUrls表示,not_applicable,gallery=1
HYNB20589AT,hynb20589at,ready,ok:displayUrl表示,ok:galleryUrls表示,not_applicable,gallery=1
HYCP20610AT,hycp20610at,ready,ok:displayUrl表示,ok:galleryUrls表示,not_applicable,gallery=6
HYSN21620AT,hysn21620at,ready,ok:displayUrl表示,ok:galleryUrls表示,not_applicable,gallery=3
MINB21638AT,minb21638at,ready,ok:displayUrl表示,ok:galleryUrls表示,not_applicable,gallery=1
HYSN21664AT,hysn21664at,ready,ok:displayUrl表示,ok:galleryUrls表示,not_applicable,gallery=4
HYMX21687AT,hymx21687at,ready,ok:displayUrl表示,ok:galleryUrls表示,not_applicable,gallery=5
HYTG21690AT,hytg21690at,ready,ok:displayUrl表示,ok:galleryUrls表示,not_applicable,gallery=6
HYMX21698AT,hymx21698at,ready,ok:displayUrl表示,ok:galleryUrls表示,not_applicable,gallery=3
HYMX22720AT,hymx22720at,ready,ok:displayUrl表示,ok:galleryUrls表示,not_applicable,gallery=4
HYOT22742AT,hyot22742at,ready,ok:displayUrl表示,ok:galleryUrls表示,not_applicable,gallery=3
HYMX22744AT,hymx22744at,ready,ok:displayUrl表示,ok:galleryUrls表示,not_applicable,gallery=2
HYMX22746AT,hymx22746at,ready,ok:displayUrl表示,ok:galleryUrls表示,not_applicable,gallery=3
HYMX22754AT,hymx22754at,ready,ok:displayUrl表示,ok:galleryUrls表示,not_applicable,gallery=4
MIBL22768AT,mibl22768at,ready,ok:displayUrl表示,ok:galleryUrls表示,not_applicable,gallery=2
EHTC22772AT,ehtc22772at,ready,ok:displayUrl表示,ok:galleryUrls表示,not_applicable,gallery=5
OYNT22775AT,oynt22775at,ready,ok:displayUrl表示,ok:galleryUrls表示,not_applicable,gallery=2
OYNT22776AT,oynt22776at,ready,ok:displayUrl表示,ok:galleryUrls表示,not_applicable,gallery=3
OYNT22777AT,oynt22777at,ready,ok:displayUrl表示,ok:galleryUrls表示,not_applicable,gallery=2
OYGX22780AT,oygx22780at,ready,ok:displayUrl表示,ok:galleryUrls表示,not_applicable,gallery=1
HYTG23807AT,hytg23807at,ready,ok:displayUrl表示,ok:galleryUrls表示,not_applicable,gallery=3
HYCY23809AT,hycy23809at,ready,ok:displayUrl表示,ok:galleryUrls表示,not_applicable,gallery=3
HYZV23810AT,hyzv23810at,ready,ok:displayUrl表示,ok:galleryUrls表示,not_applicable,gallery=3
HYIV23823AT,hyiv23823at,ready,ok:displayUrl表示,ok:galleryUrls表示,not_applicable,gallery=3
HYIV23824AT,hyiv23824at,ready,ok:displayUrl表示,ok:galleryUrls表示,not_applicable,gallery=3
HYNB23828AT,hynb23828at,ready,ok:displayUrl表示,ok:galleryUrls表示,not_applicable,gallery=1
HYRE23832AT,hyre23832at,ready,ok:displayUrl表示,ok:galleryUrls表示,not_applicable,gallery=3
MIOT23836AT,miot23836at,ready,ok:displayUrl表示,ok:galleryUrls表示,not_applicable,gallery=4
MIOT23838AT,miot23838at,ready,ok:displayUrl表示,ok:galleryUrls表示,not_applicable,gallery=1
HYTG23840AT,hytg23840at,ready,ok:displayUrl表示,ok:galleryUrls表示,not_applicable,gallery=1
HYTG23841AT,hytg23841at,ready,ok:displayUrl表示,ok:galleryUrls表示,not_applicable,gallery=1
HYIV23843AT,hyiv23843at,ready,ok:displayUrl表示,ok:galleryUrls表示,not_applicable,gallery=4
HYTG23850AT,hytg23850at,ready,ok:displayUrl表示,ok:galleryUrls表示,not_applicable,gallery=1
HYTG23851AT,hytg23851at,ready,ok:displayUrl表示,ok:galleryUrls表示,not_applicable,gallery=3
HYPB23852AT,hypb23852at,ready,ok:displayUrl表示,ok:galleryUrls表示,not_applicable,gallery=4
HYOT23856AT,hyot23856at,ready,ok:displayUrl表示,ok:galleryUrls表示,not_applicable,gallery=1
MIOT23857AT,miot23857at,ready,ok:displayUrl表示,ok:galleryUrls表示,not_applicable,gallery=1
MIIV23861AT,miiv23861at,ready,ok:displayUrl表示,ok:galleryUrls表示,not_applicable,gallery=1
HYCY23874AT,hycy23874at,ready,ok:displayUrl表示,ok:galleryUrls表示,not_applicable,gallery=4
HYCP23875AT,hycp23875at,ready,ok:displayUrl表示,ok:galleryUrls表示,not_applicable,gallery=2
HYOT23878AT,hyot23878at,ready,ok:displayUrl表示,ok:galleryUrls表示,not_applicable,gallery=7
HYOT23888AT,hyot23888at,ready,ok:displayUrl表示,ok:galleryUrls表示,not_applicable,gallery=5
HYCY23891AT,hycy23891at,ready,ok:displayUrl表示,ok:galleryUrls表示,not_applicable,gallery=3
HYCY23893AT,hycy23893at,ready,ok:displayUrl表示,ok:galleryUrls表示,not_applicable,gallery=3
HYCY23894AT,hycy23894at,ready,ok:displayUrl表示,ok:galleryUrls表示,not_applicable,gallery=2
HYNP23895AT,hynp23895at,ready,ok:displayUrl表示,ok:galleryUrls表示,not_applicable,gallery=3
HYNT23897AT,hynt23897at,ready,ok:displayUrl表示,ok:galleryUrls表示,not_applicable,gallery=1
HYNT23898AT,hynt23898at,ready,ok:displayUrl表示,ok:galleryUrls表示,not_applicable,gallery=1
HYNT23899AT,hynt23899at,ready,ok:displayUrl表示,ok:galleryUrls表示,not_applicable,gallery=2
HYNT23900AT,hynt23900at,ready,ok:displayUrl表示,ok:galleryUrls表示,not_applicable,gallery=2
HNOT24906AT,hnot24906at,ready,ok:displayUrl表示,ok:galleryUrls表示,not_applicable,gallery=2
HNOT24914AT,hnot24914at,ready,ok:displayUrl表示,ok:galleryUrls表示,not_applicable,gallery=2
HYMX26923AT,hymx26923at,ready,ok:displayUrl表示,ok:galleryUrls表示,not_applicable,gallery=2
HYCY26924AT,hycy26924at,ready,ok:displayUrl表示,ok:galleryUrls表示,not_applicable,gallery=2
