sd_product_code,slug,publish_status,sold_out_flag,primary_image_found,gallery_image_count,display_url,notes
HYEL15009AT,hyel15009at,public,False,true,1,public-700x700/HYEL15009AT/HYEL15009AT-01-700x700.jpg,placeholder_source_image
OOEL15011AT,ooel15011at,public,False,true,1,public-700x700/OOEL15011AT/OOEL15011AT-01-700x700.jpg,placeholder_source_image
HYRB16075LG,hyrb16075lg,public,False,true,1,public-700x700/HYRB16075LG/HYRB16075LG-01-700x700.jpg,
HYKT16087AT,hykt16087at,public,False,true,1,public-700x700/HYKT16087AT/HYKT16087AT-01-700x700.jpg,placeholder_source_image
HYBL16161AT,hybl16161at,public,False,true,2,public-700x700/HYBL16161AT/HYBL16161AT-01-700x700.jpg,
HYMC15183AT,hymc15183at,public,False,true,1,public-700x700/HYMC15183AT/HYMC15183AT-01-700x700.jpg,
MIYY18214AT,miyy18214at,public,False,true,1,public-700x700/MIYY18214AT/MIYY18214AT-01-700x700.jpg,
HYIV18231AT,hyiv18231at,public,False,true,2,public-700x700/HYIV18231AT/HYIV18231AT-01-700x700.jpg,
MDHZMD249AT,mdhzmd249at,public,False,true,3,public-700x700/MDHZMD249AT/MDHZMD249AT-01-700x700.jpg,
HYHS19287AT,hyhs19287at,public,False,true,1,public-700x700/HYHS19287AT/HYHS19287AT-01-700x700.jpg,
HYIV19345AT,hyiv19345at,public,False,true,2,public-700x700/HYIV19345AT/HYIV19345AT-01-700x700.jpg,
HYEL15488AT,hyel15488at,public,False,true,2,public-700x700/HYEL15488AT/HYEL15488AT-01-700x700.jpg,
HYNB20588AT,hynb20588at,public,False,true,1,public-700x700/HYNB20588AT/HYNB20588AT-01-700x700.jpg,
HYNB20589AT,hynb20589at,public,False,true,1,public-700x700/HYNB20589AT/HYNB20589AT-01-700x700.jpg,
HYCP20610AT,hycp20610at,public,False,true,6,public-700x700/HYCP20610AT/HYCP20610AT-01-700x700.jpg,
HYSN21620AT,hysn21620at,public,False,true,3,public-700x700/HYSN21620AT/HYSN21620AT-01-700x700.jpg,
MINB21638AT,minb21638at,public,False,true,1,public-700x700/MINB21638AT/MINB21638AT-01-700x700.jpg,
HYSN21664AT,hysn21664at,public,False,true,4,public-700x700/HYSN21664AT/HYSN21664AT-01-700x700.jpg,
HYMX21687AT,hymx21687at,public,False,true,5,public-700x700/HYMX21687AT/HYMX21687AT-01-700x700.jpg,
HYTG21690AT,hytg21690at,public,False,true,6,public-700x700/HYTG21690AT/HYTG21690AT-01-700x700.jpg,
HYMX21698AT,hymx21698at,public,False,true,3,public-700x700/HYMX21698AT/HYMX21698AT-01-700x700.jpg,
HYMX22720AT,hymx22720at,public,False,true,4,public-700x700/HYMX22720AT/HYMX22720AT-01-700x700.jpg,
HYOT22742AT,hyot22742at,public,False,true,3,public-700x700/HYOT22742AT/HYOT22742AT-01-700x700.jpg,
HYMX22744AT,hymx22744at,public,False,true,2,public-700x700/HYMX22744AT/HYMX22744AT-01-700x700.jpg,
HYMX22746AT,hymx22746at,public,False,true,3,public-700x700/HYMX22746AT/HYMX22746AT-01-700x700.jpg,
HYMX22754AT,hymx22754at,public,False,true,4,public-700x700/HYMX22754AT/HYMX22754AT-01-700x700.jpg,
MIBL22768AT,mibl22768at,public,False,true,2,public-700x700/MIBL22768AT/MIBL22768AT-01-700x700.jpg,
EHTC22772AT,ehtc22772at,public,False,true,5,public-700x700/EHTC22772AT/EHTC22772AT-01-700x700.jpg,
OYNT22775AT,oynt22775at,public,False,true,2,public-700x700/OYNT22775AT/OYNT22775AT-01-700x700.jpg,
OYNT22776AT,oynt22776at,public,False,true,3,public-700x700/OYNT22776AT/OYNT22776AT-01-700x700.jpg,
OYNT22777AT,oynt22777at,public,False,true,2,public-700x700/OYNT22777AT/OYNT22777AT-01-700x700.jpg,
OYGX22780AT,oygx22780at,public,False,true,1,public-700x700/OYGX22780AT/OYGX22780AT-01-700x700.jpg,
HYTG23807AT,hytg23807at,public,False,true,3,public-700x700/HYTG23807AT/HYTG23807AT-01-700x700.jpg,
HYCY23809AT,hycy23809at,public,False,true,3,public-700x700/HYCY23809AT/HYCY23809AT-01-700x700.jpg,
HYZV23810AT,hyzv23810at,public,False,true,3,public-700x700/HYZV23810AT/HYZV23810AT-01-700x700.jpg,
HYIV23823AT,hyiv23823at,public,False,true,3,public-700x700/HYIV23823AT/HYIV23823AT-01-700x700.jpg,
HYIV23824AT,hyiv23824at,public,False,true,3,public-700x700/HYIV23824AT/HYIV23824AT-01-700x700.jpg,
HYNB23828AT,hynb23828at,public,False,true,1,public-700x700/HYNB23828AT/HYNB23828AT-01-700x700.jpg,
HYRE23832AT,hyre23832at,public,False,true,3,public-700x700/HYRE23832AT/HYRE23832AT-01-700x700.jpg,
MIOT23836AT,miot23836at,public,False,true,4,public-700x700/MIOT23836AT/MIOT23836AT-01-700x700.jpg,
MIOT23838AT,miot23838at,public,False,true,1,public-700x700/MIOT23838AT/MIOT23838AT-01-700x700.jpg,
HYTG23840AT,hytg23840at,public,False,true,1,public-700x700/HYTG23840AT/HYTG23840AT-01-700x700.jpg,
HYTG23841AT,hytg23841at,public,False,true,1,public-700x700/HYTG23841AT/HYTG23841AT-01-700x700.jpg,
HYIV23843AT,hyiv23843at,public,False,true,4,public-700x700/HYIV23843AT/HYIV23843AT-01-700x700.jpg,
HYTG23850AT,hytg23850at,public,False,true,1,public-700x700/HYTG23850AT/HYTG23850AT-01-700x700.jpg,
HYTG23851AT,hytg23851at,public,False,true,3,public-700x700/HYTG23851AT/HYTG23851AT-01-700x700.jpg,
HYPB23852AT,hypb23852at,public,False,true,4,public-700x700/HYPB23852AT/HYPB23852AT-01-700x700.jpg,
HYOT23856AT,hyot23856at,public,False,true,1,public-700x700/HYOT23856AT/HYOT23856AT-01-700x700.jpg,
MIOT23857AT,miot23857at,public,False,true,1,public-700x700/MIOT23857AT/MIOT23857AT-01-700x700.jpg,
MIIV23861AT,miiv23861at,public,False,true,1,public-700x700/MIIV23861AT/MIIV23861AT-01-700x700.jpg,
HYCY23874AT,hycy23874at,public,False,true,4,public-700x700/HYCY23874AT/HYCY23874AT-01-700x700.jpg,
HYCP23875AT,hycp23875at,public,False,true,2,public-700x700/HYCP23875AT/HYCP23875AT-01-700x700.jpg,
HYOT23878AT,hyot23878at,public,False,true,7,public-700x700/HYOT23878AT/HYOT23878AT-01-700x700.jpg,
HYOT23888AT,hyot23888at,public,False,true,5,public-700x700/HYOT23888AT/HYOT23888AT-01-700x700.jpg,
HYCY23891AT,hycy23891at,public,False,true,3,public-700x700/HYCY23891AT/HYCY23891AT-01-700x700.jpg,
HYCY23893AT,hycy23893at,public,False,true,3,public-700x700/HYCY23893AT/HYCY23893AT-01-700x700.jpg,
HYCY23894AT,hycy23894at,public,False,true,2,public-700x700/HYCY23894AT/HYCY23894AT-01-700x700.jpg,
HYNP23895AT,hynp23895at,public,False,true,3,public-700x700/HYNP23895AT/HYNP23895AT-01-700x700.jpg,
HYNT23897AT,hynt23897at,public,False,true,1,public-700x700/HYNT23897AT/HYNT23897AT-01-700x700.jpg,
HYNT23898AT,hynt23898at,public,False,true,1,public-700x700/HYNT23898AT/HYNT23898AT-01-700x700.jpg,
HYNT23899AT,hynt23899at,public,False,true,2,public-700x700/HYNT23899AT/HYNT23899AT-01-700x700.jpg,
HYNT23900AT,hynt23900at,public,False,true,2,public-700x700/HYNT23900AT/HYNT23900AT-01-700x700.jpg,
HNOT24906AT,hnot24906at,public,False,true,2,public-700x700/HNOT24906AT/HNOT24906AT-01-700x700.jpg,
HNOT24914AT,hnot24914at,public,False,true,2,public-700x700/HNOT24914AT/HNOT24914AT-01-700x700.jpg,
HYMX26923AT,hymx26923at,public,False,true,2,public-700x700/HYMX26923AT/HYMX26923AT-01-700x700.jpg,
HYCY26924AT,hycy26924at,public,False,true,2,public-700x700/HYCY26924AT/HYCY26924AT-01-700x700.jpg,
