sd_product_code,slug,product_url,public_status,notes
HYEL15009AT,hyel15009at,https://machine-group.net/products/hyel15009at/,public,
OOEL15011AT,ooel15011at,https://machine-group.net/products/ooel15011at/,public,
HYRB16075LG,hyrb16075lg,https://machine-group.net/products/hyrb16075lg/,public,
HYKT16087AT,hykt16087at,https://machine-group.net/products/hykt16087at/,public,
HYBL16161AT,hybl16161at,https://machine-group.net/products/hybl16161at/,public,
HYMC15183AT,hymc15183at,https://machine-group.net/products/hymc15183at/,public,
MIYY18214AT,miyy18214at,https://machine-group.net/products/miyy18214at/,public,
HYIV18231AT,hyiv18231at,https://machine-group.net/products/hyiv18231at/,public,
MDHZMD249AT,mdhzmd249at,https://machine-group.net/products/mdhzmd249at/,public,
HYHS19287AT,hyhs19287at,https://machine-group.net/products/hyhs19287at/,public,
HYIV19345AT,hyiv19345at,https://machine-group.net/products/hyiv19345at/,public,
HYEL15488AT,hyel15488at,https://machine-group.net/products/hyel15488at/,public,
HYNB20588AT,hynb20588at,https://machine-group.net/products/hynb20588at/,public,
HYNB20589AT,hynb20589at,https://machine-group.net/products/hynb20589at/,public,
HYCP20610AT,hycp20610at,https://machine-group.net/products/hycp20610at/,public,
HYSN21620AT,hysn21620at,https://machine-group.net/products/hysn21620at/,public,
MINB21638AT,minb21638at,https://machine-group.net/products/minb21638at/,public,
HYSN21664AT,hysn21664at,https://machine-group.net/products/hysn21664at/,public,
HYMX21687AT,hymx21687at,https://machine-group.net/products/hymx21687at/,public,
HYTG21690AT,hytg21690at,https://machine-group.net/products/hytg21690at/,public,
HYMX21698AT,hymx21698at,https://machine-group.net/products/hymx21698at/,public,
HYMX22720AT,hymx22720at,https://machine-group.net/products/hymx22720at/,public,
HYOT22742AT,hyot22742at,https://machine-group.net/products/hyot22742at/,public,
HYMX22744AT,hymx22744at,https://machine-group.net/products/hymx22744at/,public,
HYMX22746AT,hymx22746at,https://machine-group.net/products/hymx22746at/,public,
HYMX22754AT,hymx22754at,https://machine-group.net/products/hymx22754at/,public,
MIBL22768AT,mibl22768at,https://machine-group.net/products/mibl22768at/,public,
EHTC22772AT,ehtc22772at,https://machine-group.net/products/ehtc22772at/,public,
OYNT22775AT,oynt22775at,https://machine-group.net/products/oynt22775at/,public,
OYNT22776AT,oynt22776at,https://machine-group.net/products/oynt22776at/,public,
OYNT22777AT,oynt22777at,https://machine-group.net/products/oynt22777at/,public,
OYGX22780AT,oygx22780at,https://machine-group.net/products/oygx22780at/,public,
HYTG23807AT,hytg23807at,https://machine-group.net/products/hytg23807at/,public,
HYCY23809AT,hycy23809at,https://machine-group.net/products/hycy23809at/,public,
HYZV23810AT,hyzv23810at,https://machine-group.net/products/hyzv23810at/,public,
HYIV23823AT,hyiv23823at,https://machine-group.net/products/hyiv23823at/,public,
HYIV23824AT,hyiv23824at,https://machine-group.net/products/hyiv23824at/,public,
HYNB23828AT,hynb23828at,https://machine-group.net/products/hynb23828at/,public,
HYRE23832AT,hyre23832at,https://machine-group.net/products/hyre23832at/,public,
MIOT23836AT,miot23836at,https://machine-group.net/products/miot23836at/,public,
MIOT23838AT,miot23838at,https://machine-group.net/products/miot23838at/,public,
HYTG23840AT,hytg23840at,https://machine-group.net/products/hytg23840at/,public,
HYTG23841AT,hytg23841at,https://machine-group.net/products/hytg23841at/,public,
HYIV23843AT,hyiv23843at,https://machine-group.net/products/hyiv23843at/,public,
HYTG23850AT,hytg23850at,https://machine-group.net/products/hytg23850at/,public,
HYTG23851AT,hytg23851at,https://machine-group.net/products/hytg23851at/,public,
HYPB23852AT,hypb23852at,https://machine-group.net/products/hypb23852at/,public,
HYOT23856AT,hyot23856at,https://machine-group.net/products/hyot23856at/,public,
MIOT23857AT,miot23857at,https://machine-group.net/products/miot23857at/,public,
MIIV23861AT,miiv23861at,https://machine-group.net/products/miiv23861at/,public,
HYCY23874AT,hycy23874at,https://machine-group.net/products/hycy23874at/,public,
HYCP23875AT,hycp23875at,https://machine-group.net/products/hycp23875at/,public,
HYOT23878AT,hyot23878at,https://machine-group.net/products/hyot23878at/,public,
HYOT23888AT,hyot23888at,https://machine-group.net/products/hyot23888at/,public,
HYCY23891AT,hycy23891at,https://machine-group.net/products/hycy23891at/,public,
HYCY23893AT,hycy23893at,https://machine-group.net/products/hycy23893at/,public,
HYCY23894AT,hycy23894at,https://machine-group.net/products/hycy23894at/,public,
HYNP23895AT,hynp23895at,https://machine-group.net/products/hynp23895at/,public,
HYNT23897AT,hynt23897at,https://machine-group.net/products/hynt23897at/,public,
HYNT23898AT,hynt23898at,https://machine-group.net/products/hynt23898at/,public,
HYNT23899AT,hynt23899at,https://machine-group.net/products/hynt23899at/,public,
HYNT23900AT,hynt23900at,https://machine-group.net/products/hynt23900at/,public,
HNOT24906AT,hnot24906at,https://machine-group.net/products/hnot24906at/,public,
HNOT24914AT,hnot24914at,https://machine-group.net/products/hnot24914at/,public,
HYMX26923AT,hymx26923at,https://machine-group.net/products/hymx26923at/,public,
HYCY26924AT,hycy26924at,https://machine-group.net/products/hycy26924at/,public,
